epoch,accuracy,dice_coef,loss,val_accuracy,val_dice_coef,val_loss
0,0.9469118118286133,0.0555897019803524,0.984870433807373,0.9837653040885925,0.017953775823116302,1.0266376733779907
1,0.9863198399543762,0.1352161169052124,0.8806859850883484,0.9923108816146851,0.1133010983467102,0.8917619585990906
2,0.9915661811828613,0.25300607085227966,0.7604162693023682,0.9621005058288574,0.1723717302083969,0.9144700169563293
3,0.9940041303634644,0.36766666173934937,0.6464013457298279,0.9700443148612976,0.2296726256608963,0.846790075302124
4,0.9947485327720642,0.44691386818885803,0.5692036747932434,0.9026018381118774,0.12898999452590942,1.520025372505188
5,0.9955365061759949,0.5130672454833984,0.49997657537460327,0.9955995082855225,0.2676936686038971,0.7366956472396851
6,0.9955150485038757,0.5467984676361084,0.46396222710609436,0.9961215853691101,0.3091498911380768,0.6923953890800476
7,0.9959074258804321,0.5825023055076599,0.42842379212379456,0.9960479736328125,0.29520270228385925,0.7093107104301453
8,0.9963119029998779,0.6263828277587891,0.38240838050842285,0.9919552803039551,0.4626690447330475,0.5521369576454163
9,0.9959929585456848,0.6195505857467651,0.39162296056747437,0.9931395053863525,0.23958279192447662,0.7851815223693848
10,0.9963743686676025,0.6524689793586731,0.35754328966140747,0.9892597794532776,0.15380506217479706,0.9186868071556091
11,0.9962300062179565,0.6251459717750549,0.38620853424072266,0.9959298968315125,0.34995928406715393,0.6578189730644226
12,0.996719479560852,0.6767749786376953,0.3364691138267517,0.992971658706665,0.5034525990486145,0.5092900395393372
13,0.9963314533233643,0.6525839567184448,0.36300772428512573,0.9593021273612976,0.2713907063007355,0.9337732791900635
14,0.9963747262954712,0.6458896398544312,0.3657582700252533,0.98711097240448,0.10088402032852173,1.012363076210022
15,0.9966078400611877,0.6700745224952698,0.34053754806518555,0.9953785538673401,0.318073034286499,0.6941152811050415
16,0.9966852068901062,0.6671098470687866,0.34934738278388977,0.9375470876693726,0.22826457023620605,1.214357614517212
17,0.9968677759170532,0.7036232948303223,0.30624040961265564,0.9919639229774475,0.5196886658668518,0.501929759979248
18,0.9966855645179749,0.6737379431724548,0.33809059858322144,0.9919546246528625,0.517934262752533,0.5073138475418091
19,0.9967615008354187,0.689522922039032,0.32253497838974,0.9965654611587524,0.434552937746048,0.5716681480407715
20,0.996846616268158,0.6873959898948669,0.3248830735683441,0.988326370716095,0.4564572274684906,0.5804069638252258
21,0.9969587922096252,0.698897123336792,0.31574496626853943,0.9852527379989624,0.4317295551300049,0.6142716407775879
22,0.996826708316803,0.7057511806488037,0.30460670590400696,0.9917356967926025,0.5122652649879456,0.51180100440979
23,0.9969609379768372,0.6884846091270447,0.3277745544910431,0.9965090751647949,0.4710274934768677,0.5363790392875671
24,0.9970916509628296,0.7286317348480225,0.2819445729255676,0.9968341588973999,0.5438953042030334,0.4614613652229309
25,0.996976375579834,0.7230517268180847,0.29150858521461487,0.9897593855857849,0.4673744738101959,0.5606356263160706
26,0.9969647526741028,0.711874783039093,0.300971120595932,0.9944285750389099,0.5934072136878967,0.4197818636894226
27,0.9970510601997375,0.7246400117874146,0.29091569781303406,0.9953725934028625,0.38806530833244324,0.6287962198257446
28,0.9971466064453125,0.713200569152832,0.2960507273674011,0.9948757290840149,0.6016884446144104,0.4077674150466919
29,0.9972105622291565,0.741912305355072,0.2715946435928345,0.99665766954422,0.6480253338813782,0.3565497100353241
30,0.9970110058784485,0.7087802290916443,0.3029913604259491,0.9784658551216125,0.35736504197120667,0.732338011264801
31,0.9972711205482483,0.7239963412284851,0.2872155010700226,0.9734888672828674,0.3261584937572479,0.8116904497146606
32,0.9971562027931213,0.7426557540893555,0.27185750007629395,0.9946163296699524,0.5935294032096863,0.41523435711860657
33,0.9971030354499817,0.7192180752754211,0.29291051626205444,0.996591329574585,0.5791897773742676,0.4296724796295166
34,0.9969847798347473,0.6851771473884583,0.3298071324825287,0.9955796003341675,0.39890503883361816,0.6167303323745728
35,0.9970194697380066,0.7055037021636963,0.3085746169090271,0.9967498779296875,0.5159831643104553,0.4915108382701874
36,0.9972471594810486,0.734676718711853,0.27638790011405945,0.99655681848526,0.5086057186126709,0.4978952407836914
37,0.9971455931663513,0.704981803894043,0.305714875459671,0.9957262277603149,0.3500945568084717,0.6694096326828003
38,0.9972278475761414,0.732598066329956,0.28062236309051514,0.9786383509635925,0.35633179545402527,0.7338094115257263
39,0.9971674680709839,0.7321363687515259,0.28132686018943787,0.9955371618270874,0.625236451625824,0.3845619559288025
40,0.997072696685791,0.7186917066574097,0.29257991909980774,0.9744322299957275,0.33065465092658997,0.8010032773017883
41,0.9971463680267334,0.7211862802505493,0.2942783236503601,0.9968958497047424,0.5597171187400818,0.4486340284347534
42,0.9972729086875916,0.7375127077102661,0.2709600031375885,0.9954807162284851,0.35495591163635254,0.6634814143180847
43,0.9972811937332153,0.7249754071235657,0.2867980897426605,0.9966729283332825,0.47443318367004395,0.5332838296890259
44,0.9972278475761414,0.7442923784255981,0.26526665687561035,0.9959896206855774,0.35051071643829346,0.6624922156333923
45,0.9973628520965576,0.7448094487190247,0.26451626420021057,0.99238520860672,0.5295398235321045,0.4933205544948578
46,0.9972162842750549,0.7154635190963745,0.2977258563041687,0.9968752861022949,0.5386424660682678,0.4685211479663849
47,0.9973276257514954,0.7275427579879761,0.28152555227279663,0.9965640902519226,0.490093857049942,0.5188520550727844
48,0.9973881840705872,0.7271820902824402,0.28537219762802124,0.9967737793922424,0.6553294658660889,0.3497369885444641
49,0.9973433017730713,0.7337300777435303,0.2747748792171478,0.9964393973350525,0.4862258732318878,0.5251044631004333
50,0.9973786473274231,0.7493879795074463,0.26205578446388245,0.9969482421875,0.6019483208656311,0.4057213366031647
51,0.9973806142807007,0.7565369606018066,0.2543695569038391,0.9966450333595276,0.6266065239906311,0.3805752098560333
52,0.9971782565116882,0.7331129908561707,0.2821219563484192,0.9963107109069824,0.6446042060852051,0.36258482933044434
53,0.9974101781845093,0.7462568283081055,0.26398536562919617,0.9852659702301025,0.42107120156288147,0.6382194757461548
54,0.9973223805427551,0.7342581152915955,0.2793431878089905,0.9918829798698425,0.5126587748527527,0.5109928846359253
55,0.9974321126937866,0.7571962475776672,0.25230738520622253,0.9924091100692749,0.5223290920257568,0.5047814846038818
56,0.9972414970397949,0.7308462262153625,0.2824031710624695,0.99473637342453,0.5852673649787903,0.42612290382385254
57,0.9974113702774048,0.7529624104499817,0.2611319422721863,0.9967890381813049,0.606586754322052,0.39733999967575073
58,0.9973683953285217,0.7414401769638062,0.27105268836021423,0.9936928153038025,0.5732132792472839,0.4476947486400604
59,0.997391939163208,0.7416868209838867,0.26740762591362,0.9965229630470276,0.4861793518066406,0.5248695015907288
60,0.9973639249801636,0.7486045360565186,0.2633414566516876,0.9930034875869751,0.2528120279312134,0.7892890572547913
61,0.9973218441009521,0.735099196434021,0.2781437933444977,0.9964175224304199,0.45474234223365784,0.5541544556617737
62,0.9973352551460266,0.7392605543136597,0.27012062072753906,0.99640291929245,0.6520065665245056,0.3577984571456909
63,0.9973064661026001,0.7292852997779846,0.2796648442745209,0.9962834715843201,0.6632686853408813,0.34242621064186096
64,0.9972442984580994,0.7262613773345947,0.2866227626800537,0.9944676756858826,0.6023387312889099,0.40975886583328247
65,0.9974253177642822,0.7640231251716614,0.24767552316188812,0.9904088377952576,0.4891391694545746,0.5397899746894836
66,0.9974808096885681,0.7551226615905762,0.2552872598171234,0.9966742396354675,0.6234678626060486,0.38035136461257935
67,0.9973729252815247,0.7469187378883362,0.26165568828582764,0.9956485629081726,0.6495100855827332,0.3555047810077667
68,0.9975190162658691,0.761839747428894,0.24660110473632812,0.996425449848175,0.5235695838928223,0.485676646232605
69,0.9975036382675171,0.743860125541687,0.2631893455982208,0.99691241979599,0.6107260584831238,0.39408770203590393
70,0.9973414540290833,0.7437572479248047,0.26866862177848816,0.996698796749115,0.5614389777183533,0.4428403377532959
71,0.9975640773773193,0.7658916115760803,0.2409311830997467,0.9964407086372375,0.4547061622142792,0.5543555617332458
72,0.99709153175354,0.7303647398948669,0.2848793864250183,0.99634850025177,0.4285680055618286,0.5804561376571655
73,0.9974546432495117,0.758333146572113,0.2553355097770691,0.9968706369400024,0.5414459109306335,0.4676137864589691
74,0.9975370168685913,0.7694836854934692,0.24353539943695068,0.9969568848609924,0.6382550597190857,0.36717015504837036
75,0.9975714683532715,0.7800624966621399,0.23107334971427917,0.9969635009765625,0.6356302499771118,0.3688661754131317
76,0.9975720643997192,0.7486851811408997,0.2596963047981262,0.99140864610672,0.5054969191551208,0.5246981978416443
77,0.9976362586021423,0.795818030834198,0.2164202332496643,0.9965070486068726,0.5744339823722839,0.42905598878860474
78,0.9975215196609497,0.7628011703491211,0.24491232633590698,0.9937657713890076,0.3183128833770752,0.7179837226867676
79,0.9974995851516724,0.7577946782112122,0.25557196140289307,0.9967770576477051,0.598127543926239,0.4106981158256531
80,0.9975423812866211,0.7756203413009644,0.23411591351032257,0.9950229525566101,0.37917375564575195,0.6467912197113037
81,0.9976035952568054,0.7661784291267395,0.24218089878559113,0.9962058663368225,0.5210352540016174,0.4911242723464966
82,0.9973888993263245,0.7480117678642273,0.2600662112236023,0.996907114982605,0.5730560421943665,0.4351624548435211
83,0.9975114464759827,0.7776166796684265,0.2354859858751297,0.9965030550956726,0.49408984184265137,0.5179607272148132
